お仕事No.,応募数 合計
2203556553,0.012772292
2203515280,2.9948475
2203546900,2.2478704
2203545344,2.439932
2203557987,1.1275798
2203511565,2.2478704
2203525420,2.4673405
2203494391,2.5919974
2203509988,1.2703005
2203554385,3.03095
2203554555,0.72134185
2203559938,0.32734773
2203546898,2.2478704
2203537199,0.86332005
2203509659,0.97763383
2203526411,2.5090005
2203558348,0.4813217
2203527442,2.2478704
2203548920,1.1171007
2203539381,1.0496817
2203548939,1.6659958
2203514393,3.4299915
2203540200,0.6440051
2203552261,0.7304115
2203523737,2.9769282
2203511772,1.3623819
2203538462,2.4677854
2203545202,2.9488847
2203501746,2.2478704
2203551617,1.1624646
2203554360,0.56195897
2203467767,2.7563355
2203559180,0.42455214
2203526166,1.8481249
2203495958,2.5821865
2203552588,0.80766875
2203546087,2.439932
2203557223,0.6505245
2203551388,1.7404563
2203553871,0.4260867
2203528893,1.6087492
2203532652,1.3226352
2203558645,1.4483509
2203517850,2.582627
2203526826,0.664308
2203557114,0.43358594
2203559887,0.6256336
2203536595,1.6535732
2203555803,0.37117222
2203553962,0.41708302
2203508238,1.3145099
2203550996,1.4287457
2203558732,1.1904984
2203523111,1.7373996
2203542663,1.0442386
2203531347,2.9710877
2203504071,1.3973205
2203548891,0.5031723
2203556983,1.7877513
2203526244,0.99874246
2203505822,2.1883976
2203555760,1.0042337
2203559881,0.42455214
2203556204,0.97763383
2203522916,0.58856833
2203540706,0.4466932
2203535805,0.5272726
2203550569,0.36376595
2203560065,0.22525066
2203554152,0.69071805
2203558707,1.3145099
2203536025,2.4334989
2203556657,0.06802708
2203554919,1.2475941
2203548209,0.7107041
2203559357,1.6535732
2203534402,2.0401633
2203549990,0.36660606
2203556312,1.3760848
2203550931,0.80702955
2203506584,2.0019693
2203556533,0.42455214
2203554930,0.089963764
2203550201,0.3982077
2203557199,2.0559196
2203545333,1.0853534
2203470445,2.0986853
2203552444,1.9025477
2203547445,0.41708302
2203554851,0.58856833
2203551513,0.3897149
2203541013,0.8253095
2203525798,1.2620323
2203531242,1.7873098
2203556362,0.011172235
2203539995,1.9631524
2203553418,0.23752877
2203556394,0.71075225
2203536899,1.688941
2203558980,0.4971234
2203520412,0.43712994
2203555115,0.2642644
2203559140,0.028054178
2203559289,0.11855689
2203559337,1.1990988
2203508914,2.4690127
2203537373,0.79720765
2203520321,1.383847
2203545682,2.146227
2203535788,2.5549445
2203545476,0.70303786
2203531107,0.30322176
2203559834,1.5018132
2203555325,-0.009827733
2203505337,0.363042
2203554041,0.48506805
2203534249,0.2037119
2203512438,2.621772
2203549488,2.3035607
2203519812,1.3760848
2203537393,0.41708302
2203470577,2.5919974
2203559873,0.03440571
2203529749,1.2077045
2203555033,1.0853534
2203530605,1.2443446
2203558818,0.14996195
2203552466,0.10472697
2203544503,1.3236191
2203533521,0.8066271
2203510456,0.9718046
2203540838,2.641425
2203558540,0.44074908
2203548293,0.36200738
2203515868,1.1425393
2203558121,0.6688894
2203490910,2.9948475
2203515598,2.1694617
2203558605,0.7125077
2203555034,0.107985735
2203516555,0.6812928
2203520581,1.9693975
2203550726,0.9254539
2203549224,1.6535732
2203560047,0.011703998
2203553869,0.4260867
2203530089,0.4813217
2203558998,0.4260867
2203553951,0.41708302
2203545409,2.4461594
2203531747,1.5124114
2203551308,0.16746968
2203546600,0.86299884
2203526516,0.29145116
2203516192,0.5275883
2203505481,1.7173061
2203539342,1.2703005
2203553728,0.42982906
2203559708,0.74968344
2203559408,0.6047573
2203555633,0.268389
2203558672,0.493511
2203559311,1.3712956
2203493732,1.4139391
2203521177,2.8307552
2203559072,0.26474464
2203536923,1.3760848
2203544600,0.1083222
2203537208,1.2081721
2203559431,0.62272197
2203558069,0.18276864
2203543492,0.9280706
2203528382,0.512334
2203490372,2.1883976
2203553404,0.03831613
2203556405,1.6174375
2203557773,0.44664553
2203517069,1.7144328
2203558375,0.31939358
2203548832,0.34836382
2203556721,0.26321942
2203555367,-0.011844218
2203550740,0.011519402
2203556805,0.493511
2203558247,0.055524826
2203529373,0.81061935
2203555759,0.15500444
2203552507,0.09944132
2203526249,0.900548
2203558978,0.36707008
2203485986,0.39788866
2203552678,0.43358594
2203482084,0.91561615
2203557975,0.12524766
2203506122,2.1843815
2203543130,1.8820505
2203531125,1.8070769
2203537714,0.81061935
2203512320,0.9148917
2203556876,0.509163
2203559960,0.09070864
2203558581,0.72717357
2203549503,0.19833434
2203539533,1.4397466
2203504099,0.81112427
2203521163,1.5670279
2203548070,0.29137897
2203547727,1.2406538
2203551817,0.029226363
2203456354,0.38156092
2203555568,0.8928997
2203558365,0.7775866
2203548609,0.7661716
2203555205,0.29190814
2203551593,0.38168585
2203523845,0.42455214
2203536828,0.25652266
2203559400,1.6174375
2203552271,0.6505245
2203559030,1.5124114
2203557511,0.56686926
2203559918,0.42486107
2203529052,1.5124114
2203541977,0.65837896
2203548166,0.7677642
2203508498,1.0750966
2203544266,1.8935854
2203559157,0.1083222
2203551846,0.4466932
2203557952,0.8350334
2203537524,1.2703005
2203526654,0.97763383
2203543743,0.4971234
2203560023,0.9587153
2203524319,0.281959
2203559440,0.42455214
2203551549,0.29513574
2203553551,0.23752877
2203546287,0.1897563
2203465599,0.44074908
2203509562,0.74828523
2203558894,0.44439742
2203554790,1.8070769
2203557095,0.268389
2203558970,1.6568342
2203527260,2.2478704
2203555917,0.0036179423
2203551251,1.3760848
2203482674,0.62272197
2203557736,1.3090217
2203526057,0.35237443
2203540404,1.8935854
2203536042,0.3982077
2203535595,1.6659958
2203549461,0.0010389686
2203559081,-0.017837346
2203559837,-0.021078587
2203548827,0.43387198
2203530478,1.105357
2203558285,-0.003950238
2203553081,0.33312136
2203518798,0.48506805
2203543552,0.82837224
2203559123,0.037849545
2203555637,1.8820505
2203552948,0.029803783
2203553994,1.0292289
2203539620,0.7304115
2203558606,0.52447754
2203559294,0.30930915
2203534113,0.7941626
2203522648,0.47634703
2203475337,0.7677642
2203546472,0.019621313
2203555627,0.4813217
2203557490,0.97763383
2203557525,0.44439742
2203557478,0.65837896
2203557757,0.99874246
2203559854,0.493511
2203555924,0.68505865
2203540727,1.2295988
2203529579,1.257795
2203557314,0.363042
2203543274,0.67821056
2203542056,0.97763383
2203553234,0.14475301
2203557602,1.8070769
2203543660,1.518029
2203559022,0.12537122
2203559380,0.2331006
2203556112,1.8501824
2203546486,0.57231915
2203514164,1.3760848
2203556194,0.41708302
2203469907,0.85764027
2203516439,2.1797204
2203559877,0.3909421
2203558587,0.47894952
2203556081,0.010417849
2203539792,1.0306236
2203550991,0.3909421
2203539501,0.43097672
2203525758,1.1927323
2203549053,0.99874246
2203531586,1.2176123
2203535877,1.321648
2203556979,0.53912276
2203559459,0.94166934
2203542731,1.3477514
2203559406,0.4785223
2203559615,0.91561615
2203559941,0.5919061
2203506697,0.5919061
2203555403,0.90661776
2203524536,0.11779773
2203554563,0.6345876
2203527460,1.8364471
2203559075,0.48707008
2203503541,0.7705076
2203545613,0.7167107
2203527273,0.7304115
2203559744,0.030896276
2203558556,0.6588208
2203513202,0.39788866
2203559899,0.7304115
2203559115,0.41708302
2203559211,2.298255
2203559482,0.8253095
2203523505,0.65837896
2203506216,0.41101402
2203542350,0.47146407
2203559339,0.03096494
2203522439,1.7928123
2203554486,0.53912276
2203556373,0.124881536
2203556760,0.2331006
2203505364,0.46701434
2203524806,2.1357756
2203557581,0.052419454
2203507681,0.46387982
2203551358,0.021553606
2203559367,0.97763383
2203508367,1.0129732
2203558431,0.24380279
2203535000,1.1990988
2203533207,0.664308
2203550112,0.7268715
2203543569,0.9280706
2203559865,0.011703998
2203537305,0.34965515
2203559643,0.053589165
2203553957,0.7304115
2203548372,0.010417849
2203555713,0.9148917
2203537434,0.7616284
2203509817,0.5311819
2203557320,0.5712595
2203542564,0.82837224
2203523823,0.18817297
2203547782,1.4091244
2203558893,0.0784871
2203458790,0.44716364
2203527092,2.2478704
2203519871,0.977456
2203532497,0.8284665
2203511183,0.97763383
2203554078,0.5311819
2203554460,1.6133602
2203547835,1.0853534
2203550228,1.2475941
2203538439,0.43522757
2203483712,0.4942504
2203556748,0.5916123
2203526613,1.8935854
2203549194,0.026208669
2203528287,0.39788866
2203532110,0.4813217
2203548501,0.509163
2203549116,0.76932406
2203558575,0.29490662
2203543239,0.6205274
2203523230,0.43387198
2203558050,0.11449829
2203558982,0.033005178
2203551902,0.7107041
2203555570,0.97763383
2203558910,4.8965216e-05
2203558938,0.19559175
2203557198,0.79152375
2203496246,0.38156092
2203523813,0.4813217
2203554046,0.36713338
2203505049,1.6522669
2203553237,0.4495866
2203557075,1.4386406
2203556406,0.42455214
2203532048,0.30432573
2203549151,0.33312136
2203545207,0.5610773
2203549069,0.5905581
2203513808,0.94262403
2203469528,0.96280634
2203546408,0.558663
2203514900,0.42983624
2203541528,0.97763383
2203553753,0.7304115
2203558954,0.0062386394
2203559195,0.42455214
2203560058,0.009266585
2203554380,0.86332005
2203554766,0.97763383
2203557374,0.82837224
2203557269,0.51710707
2203544974,0.80766875
2203558993,0.62272197
2203518467,0.80766875
2203557913,0.68505865
2203520201,0.34000528
2203486982,0.6093437
2203557018,0.23752877
2203544231,0.58366144
2203557066,0.22386712
2203552598,0.268389
2203555081,0.3932235
2203555507,1.4298608
2203559928,0.27350095
2203557261,0.60721725
2203558679,0.5272726
2203555702,0.53912276
2203538889,2.5919974
2203558383,0.42983624
2203559646,1.8070769
2203558972,1.0534859
2203556144,2.4673405
2203555831,-9.864569e-05
2203520970,2.4673405
2203539780,1.6568342
2203550020,0.35441655
2203547057,0.76890206
2203463050,0.3440815
2203555027,0.084875375
2203549402,0.4476856
2203528278,0.42737332
2203535002,0.020091563
2203555445,2.5947204
2203522707,0.7304115
2203559053,0.44331414
2203553655,0.94166934
2203506496,0.94166934
2203555003,2.2281249
2203552342,0.9860366
2203558839,1.5583472
2203541284,0.83505154
2203558250,0.43712994
2203559982,-0.024756312
2203549888,0.9077133
2203556761,1.1685069
2203550446,0.3749775
2203556496,0.9077133
2203546251,0.4368214
2203524599,0.16008395
2203559861,0.3909421
2203525279,0.79236436
2203546181,0.08908665
2203556451,0.115919024
2203556295,0.05614242
2203556473,0.12537122
2203555735,1.2475941
2203534907,0.268389
2203552513,0.20580974
2203555896,0.42455214
2203529997,0.2856958
2203520119,0.53912276
2203505681,2.0911083
2203497651,1.6568342
2203553229,0.363042
2203547103,1.5124114
2203531961,0.5054066
2203554645,0.94166934
2203529725,0.33983523
2203517277,0.40426132
2203549163,0.493511
2203552325,0.12273002
2203559497,0.01026988
2203539539,0.493511
2203558594,0.06469318
2203554838,0.0040366054
2203548116,0.32637224
2203532052,0.45682496
2203556972,0.58856833
2203535668,1.5124114
2203522931,0.68937594
2203553691,0.9718046
2203528626,0.41708302
2203553185,0.22701374
2203475161,0.6256336
2203559714,0.36200738
2203540878,0.64529043
2203524528,0.61750066
2203554344,0.41088644
2203535014,0.2483736
2203538928,0.26321942
2203557932,0.41708302
2203553715,0.42982906
2203554328,0.026567906
2203557195,1.1650198
2203505378,0.54357463
2203556513,0.42455214
2203512702,0.26289046
2203553378,0.4813217
2203506655,0.74828523
2203558125,0.7616284
2203520326,0.68243617
2203548273,1.0937122
2203513363,1.257795
2203559959,0.09286165
2203557996,1.1981628
2203548888,0.29490662
2203553977,0.007617086
2203558094,0.14996195
2203558353,1.2698183
2203559601,0.123500735
2203520977,0.91561615
2203554293,1.0853534
2203486542,0.94166934
2203541308,0.5612438
2203554130,0.6503583
2203531237,0.5311819
2203552621,1.3372443
2203559914,0.2343736
2203540103,0.3982077
2203527261,2.2478704
2203514679,0.97763383
2203521500,0.36200738
2203499629,0.7075258
2203556821,0.4813217
2203549201,1.3343544
2203547263,0.54499924
2203557553,0.24393624
2203547620,0.8928997
2203553168,0.42486107
2203559943,0.33983523
2203557843,0.29620406
2203557273,0.18868402
2203550609,0.58856833
2203532941,0.97763383
2203511306,0.3982077
2203550145,0.21660641
2203552819,0.28023505
2203553811,0.5512125
2203559471,0.25499487
2203558829,0.4466932
2203540681,1.2389028
2203556912,-0.07816994
2203556778,0.3749775
2203538907,0.76932406
2203511955,1.57487
2203530633,1.0534859
2203550674,0.42737332
2203553681,0.46701434
2203538266,0.6503583
2203509354,0.0753344
2203556135,0.36147493
2203487614,1.2822263
2203547414,0.36200738
2203512219,0.084875375
2203557407,0.99071074
2203519997,1.1981628
2203559988,0.268389
2203550355,0.009633839
2203557489,0.97763383
2203537466,0.4466932
2203534778,0.39188197
2203515624,0.9254539
2203495418,0.62272197
2203555310,1.521575
2203542952,0.4430371
2203548163,0.42669255
2203553680,0.44074908
2203541989,0.96280634
2203482013,0.64773977
2203550200,0.5048411
2203491945,0.3932235
2203551819,1.5217203
2203477830,0.6133857
2203555199,0.97527367
2203542016,0.91561615
2203547049,0.41708302
2203552388,0.64529043
2203547021,0.39682174
2203558690,0.4813217
2203519656,0.517283
2203559989,0.3909421
2203559218,0.7677642
2203531179,0.94166934
2203555578,1.1171007
2203547544,0.3932235
2203550694,0.0024532378
2203516170,1.5590762
2203547546,0.97763383
2203510095,0.003489375
2203544019,1.5197237
2203549605,0.42983624
2203526934,0.3578443
2203545494,0.016833574
2203556676,-0.030442059
2203559489,0.3982077
2203555756,0.6955713
2203529559,2.298255
2203549174,0.34965515
2203557708,1.8070769
2203558678,1.8794307
2203549940,0.18817297
2203538564,0.3932235
2203558976,0.10560769
2203533429,0.5109926
2203559937,0.12537122
2203554868,0.3982077
2203555231,0.068314254
2203552883,0.029803783
2203548661,0.12537122
2203549689,0.0577994
2203522447,0.67821056
2203532036,0.53912276
2203489112,0.0156596
2203545639,0.36200738
2203536003,0.43522757
2203544653,0.42455214
2203545872,1.321648
2203555687,1.8070769
2203550837,0.43522757
2203555449,0.6774535
2203558890,0.021671683
2203512949,0.80747736
2203540785,1.5503011
2203543835,0.5659746
2203539017,0.0054378808
2203556322,0.39229357
2203554635,0.3472079
2203499854,0.94166934
2203557986,0.33983523
2203556134,0.39542323
2203496895,0.664308
2203558841,1.2338259
2203517183,0.80766875
2203555977,0.21522295
2203554326,-0.013786256
2203549880,0.5919061
2203559430,0.41708302
2203557942,0.030423522
2203548313,0.60721725
2203542584,1.0025725
2203554438,0.22463712
2203557352,0.47115847
2203558782,0.44716364
2203559496,0.3932235
2203559490,0.017135412
2203518480,0.44074908
2203558113,0.268389
2203558603,0.28039253
2203552252,0.64529043
2203559284,0.92271966
2203535953,0.36200738
2203557499,0.035562396
2203509078,1.3374949
2203553855,0.26524168
2203560024,0.4182927
2203528576,0.31168452
2203559183,0.5179017
2203558784,0.63914466
2203555173,0.7593672
2203556957,0.68505865
2203559249,0.42455214
2203513046,0.664308
2203548828,0.6928529
2203558340,0.8994413
2203532960,1.1074295
2203526979,0.6882647
2203559929,0.12537122
2203556516,0.42206103
2203543330,0.5311819
2203559955,0.11350185
2203540313,0.038434952
2203553308,0.4813217
2203558768,0.62908363
2203544770,0.44716364
2203530566,0.5311819
2203559325,0.0580858
2203529112,0.7565303
2203559994,0.46208385
2203542232,0.91561615
2203464630,0.5079492
2203558215,0.33983523
2203506119,1.6308656
2203525682,0.97763383
2203521159,0.5311819
2203475785,0.5988583
2203552319,1.8794307
2203559645,0.6005648
2203473183,1.7851547
2203559045,0.20930845
2203479622,0.6362367
2203557162,0.493511
2203482114,0.6644552
2203559703,0.3734093
2203557497,0.54627997
2203498524,0.36707008
2203555497,2.348013
2203557923,0.4495866
2203504202,0.268389
2203539329,0.7304115
2203559935,0.1613057
2203555200,0.068314254
2203554271,1.3236191
2203537632,0.42880857
2203537586,0.41708302
2203548848,0.42455214
2203554428,0.44716364
2203548725,0.89884806
2203559444,0.79152375
2203559175,0.23752877
2203508371,0.4813217
2203559669,0.0062386394
2203478670,0.5079492
2203526260,1.5963037
2203554896,0.41659042
2203556096,0.03160557
2203553829,0.7107041
2203525993,0.41708302
2203557605,0.7755306
2203559067,0.4386057
2203555365,0.43522757
2203508717,0.0017201304
2203555975,0.21522295
2203558772,0.94166934
2203559895,0.3932235
2203559008,0.19559175
2203557802,1.2077045
2203559315,0.32785878
2203556515,0.7705076
2203554744,2.0107958
2203555016,0.026612014
2203559415,0.493511
2203554556,1.4943368
2203538005,0.6069223
2203551368,0.3734093
2203528403,0.0683966
2203547046,0.04050371
2203535039,0.43522757
2203539333,0.7304115
2203557671,0.12273002
2203559773,0.28023505
2203454651,0.8783314
2203542059,1.3236191
2203542728,1.2698183
2203554662,0.42455214
2203547922,0.54627997
2203525290,0.50605035
2203545328,0.34914583
2203554549,-0.0063816905
2203556052,0.5905581
2203557535,0.43522757
2203555049,0.5712595
2203551731,0.493511
2203556347,0.3186941
2203559419,0.016020685
2203556172,0.39542323
2203559848,0.19833434
2203544329,0.43522757
2203545558,1.2744758
2203559986,0.42983624
2203511015,0.16129762
2203559254,0.44074908
2203527284,0.6440051
2203526383,0.35441655
2203555834,0.5309384
2203553765,0.43522757
2203549762,0.45082834
2203559122,0.2642644
2203527789,0.363042
2203557675,0.3668862
2203559352,0.46391135
2203550384,0.94418323
2203522917,0.4466932
2203546400,0.23752877
2203548825,1.1167824
2203517343,0.3909421
2203547254,0.28162634
2203546728,0.012772292
2203513103,1.1602311
2203516496,0.44074908
2203552740,0.6653409
2203524515,0.97763383
2203518288,0.04321596
2203524540,0.363042
2203557507,0.44074908
2203559245,1.7373996
2203535511,0.15077576
2203551338,0.5311819
2203554677,0.41708302
2203488009,1.2475941
2203458559,2.9948475
2203549842,0.020249933
2203558413,0.268389
2203552843,0.94166934
2203498842,0.5534869
2203553998,0.15450493
2203558152,0.2856958
2203472261,0.75930256
2203559622,0.39542323
2203555978,0.32785878
2203526995,0.21522295
2203558966,0.46317515
2203555493,0.26314074
2203504931,0.62272197
2203542382,0.493511
2203557505,0.34000528
2203557806,0.8237207
2203559170,0.3750707
2203511884,0.026194483
2203537277,1.3353086
2203554091,0.68846893
2203559488,0.42455214
2203559438,0.16780588
2203504248,0.4813217
2203558516,0.72134185
2203546550,0.007617086
2203527135,0.12524766
2203516776,1.3236191
2203558625,0.7705076
2203531749,0.61750066
2203502245,0.74968344
2203554566,0.42455214
2203559450,0.12537122
2203558759,0.6440051
2203554577,-0.09261274
2203501643,0.030768514
2203556571,0.37247372
2203545621,1.3353086
2203537860,0.1897563
2203553242,1.1138582
2203504615,0.99853754
2203534781,0.6724872
2203552998,0.66003096
2203552955,0.99853754
2203524680,0.8066271
2203543579,0.44154847
2203458546,0.94166934
2203556140,0.268389
2203541248,0.16129762
2203520600,0.44074908
2203509713,0.58856833
2203520539,0.493511
2203547977,0.030470759
2203554742,0.82837224
2203523016,1.8792983
2203530797,0.4813217
2203534322,0.7726876
2203512491,0.62272197
2203527946,0.7705076
2203543537,0.62272197
2203542194,1.4291536
2203557619,1.044837
2203552142,0.31556284
2203546405,0.13338777
2203556403,0.94166934
2203507195,0.02071008
2203506275,0.04962614
2203559099,0.41659042
2203531553,0.3982077
2203528912,0.36713338
2203536852,0.23102742
2203532877,0.65837896
2203550069,0.2754234
2203484767,0.33312136
2203555314,1.3958591
2203552663,1.8825421
2203545968,0.5309384
2203552432,0.020362407
2203558920,0.493511
2203551380,0.4237326
2203558447,0.7565303
2203542614,0.4971234
2203557689,0.33983523
2203525027,0.084875375
2203559677,0.37152958
2203534160,0.20490718
2203551658,0.558663
2203480969,0.89944106
2203558498,0.0071900487
2203559624,0.493511
2203555728,0.41708302
2203551828,0.42455214
2203549390,0.3909421
2203544021,0.45682496
2203549302,0.41231588
2203533690,1.3087695
2203551917,0.089963764
2203552911,0.6812928
2203553972,0.4971234
2203546681,0.43522757
2203547634,0.45239854
2203528921,0.79236436
2203528582,0.30930915
2203504257,1.6219418
2203558531,0.77627605
2203553336,0.97763383
2203550071,0.6440051
2203558349,0.012686372
2203546160,0.3982077
2203524010,0.7167107
2203557688,0.7304115
2203559033,0.14988431
2203541143,0.03707519
2203545924,1.2475941
2203555757,1.4510736
2203536161,1.3074933
2203528436,1.4719472
2203531707,0.38168585
2203559394,0.41708302
2203521896,1.4298608
2203559609,0.0072780848
2203500104,0.75930256
2203556253,0.33983523
2203541885,0.9077133
2203556117,0.3734093
2203556799,0.5311819
2203499027,0.011363536
2203558758,0.26639065
2203549683,0.493511
2203559275,0.12537122
2203548286,0.12817743
2203558969,0.36200738
2203546961,0.54627997
2203552421,0.6503583
2203527685,0.12524766
2203557069,0.44682452
2203557115,0.4285095
2203544027,1.1171007
2203518019,0.0075442195
2203560004,0.20930845
2203558241,0.12537122
2203543339,0.80766875
2203485725,0.04105121
2203552994,0.12537122
2203524157,0.95452887
2203559638,0.19559175
2203552943,0.25652266
2203555685,0.14413762
2203557098,0.14996195
2203554463,0.4813217
2203555014,0.01598239
2203532725,0.664308
2203559243,0.1897563
2203545616,0.020272225
2203551830,0.60281134
2203552181,0.49905047
2203504372,0.6247308
2203540783,0.41708302
2203528232,0.44074908
2203487352,0.96280634
2203528828,0.6894398
2203544755,0.005255878
2203523556,0.6440051
2203510171,0.38168585
2203557733,0.39788866
2203547043,0.41708302
2203543628,0.44154847
2203559383,0.46701434
2203557910,2.1310925
2203536681,1.440578
2203544146,0.5679045
2203554502,0.4813217
2203555064,0.00080645084
2203556737,0.6812928
2203557710,0.58597344
2203547050,0.8992776
2203531475,0.04728377
2203558783,0.53912276
2203557165,0.42455214
2203556639,0.5976943
2203557236,0.5311819
2203559766,0.34745413
2203531720,0.42455214
2203468015,0.64773977
2203559481,0.30568755
2203452010,0.7677642
2203555830,0.06513187
2203537276,1.3353086
2203559516,0.33983523
2203528164,0.012226522
2203535982,0.20074606
2203545031,0.8500045
2203536410,0.6785226
2203552639,0.20530647
2203558345,0.2754234
2203560025,0.268389
2203559312,0.42737332
2203555229,0.4719113
2203550026,-0.0072423816
2203527950,0.310005
2203556642,0.39542323
2203474123,0.89944106
2203543629,0.99853754
2203555639,1.8820505
2203556762,0.39769778
2203546409,0.36568117
2203553735,1.0806824
2203526198,0.97763383
2203559948,0.8272866
2203555916,0.509163
2203518520,0.8066271
2203493222,0.44074908
2203525125,0.29137897
2203541897,0.3932235
2203512278,0.62272197
2203535554,0.67447174
2203556077,0.49905047
2203556207,0.94166934
2203530803,0.35441655
2203529785,0.87485063
2203553042,0.33126894
2203552257,0.09423074
2203547116,0.493511
2203502462,0.5659746
2203552790,0.93262696
2203534469,0.5074353
2203522142,0.29490662
2203528411,0.66652095
2203556795,0.30236
2203558913,1.3409806
2203549667,0.20490718
2203556635,0.81893677
2203549659,0.20490718
2203547644,0.23752877
2203556720,0.23752877
2203540946,0.6812928
2203541067,0.5651305
2203553578,0.5311819
2203505553,1.692778
2203550716,0.017555654
2203556161,0.43522757
2203543626,-0.09995216
2203513605,0.64230156
2203558248,0.27443582
2203553277,0.3909421
2203552642,0.20530647
2203554032,0.6440051
2203490579,0.2331006
2203554477,1.5292641
2203553515,0.9804054
2203532214,1.263075
2203552814,0.42455214
2203534136,0.29738057
2203557696,0.008698016
2203554433,0.036420435
2203555693,0.5000717
2203461942,1.0428513
2203532677,0.32637224
2203530420,0.36707008
2203532227,1.8595165
2203549998,0.3440815
2203486508,0.29738057
2203557703,0.008698016
2203558347,0.57231915
2203539661,0.28023505
2203557450,0.42455214
2203553516,1.0631012
2203510468,0.68397766
2203553533,0.0784871
2203541475,0.42206103
2203513469,0.67217416
2203559120,0.18913785
2203558409,0.12537122
2203559273,0.02220586
2203556281,0.29738057
2203559116,0.3932235
2203557044,0.38945186
2203494515,0.29738057
2203559057,0.39093125
2203534601,0.009266585
2203541463,0.04029444
2203558071,1.3888961
2203537976,0.7476836
2203557247,0.35441655
2203555549,1.8868036
2203559163,0.038737953
2203534306,0.18913785
2203511479,0.89868927
2203558756,0.30138978
2203555720,0.30432573
2203559947,0.2754234
2203524523,0.62272197
2203528024,0.20580974
2203528844,1.1171007
2203521672,0.39229357
2203556643,0.509163
2203542635,0.36200738
2203558519,0.268389
2203518537,0.39824426
2203557289,0.4905048
2203520263,1.3273108
2203549986,0.23300791
2203540992,0.39648628
2203556982,0.09203488
2203500218,0.27443582
2203553953,0.42455214
2203471877,0.1684989
2203498672,0.24393624
2203559991,0.268389
2203556774,-0.030667305
2203511141,0.6512413
2203543344,0.509163
2203559359,0.45263597
2203559303,0.12537122
2203536279,0.37247372
2203543362,0.94418323
2203553922,0.29015255
2203520398,0.53912276
2203548036,0.58127445
2203541816,1.5590762
2203554571,0.86332005
2203473751,0.8284665
2203546684,0.41659042
2203534856,1.2081721
2203557658,0.005066484
2203508952,0.072505504
2203512796,0.025506765
2203554863,0.36200738
2203553233,0.493511
2203511143,0.6411946
2203508922,0.30276257
2203559583,0.5272726
2203554610,0.2754234
2203542053,0.013790727
2203514263,0.9077133
2203551631,0.2642644
2203552574,0.41708302
2203521099,0.4394216
2203545218,1.7404563
2203539685,0.44074908
2203553673,0.36200738
2203494130,0.17892042
2203554679,0.54627997
2203545452,0.5214943
2203559479,0.038737953
2203509969,0.46701434
2203558530,0.37152958
2203559001,2.1310925
2203556590,0.12537122
2203557003,0.26065236
2203519756,0.011519849
2203559291,0.12537122
2203557466,0.37152958
2203551550,0.21522295
2203491918,0.64773977
2203557542,0.098638654
2203512875,0.6440051
2203552645,0.53912276
2203558694,0.35441655
2203524794,0.53912276
2203549695,0.59401405
2203554589,0.12537122
2203548975,0.6724872
2203557445,0.50713634
2203558545,0.56963384
2203558171,0.0028589964
2203523114,0.6812928
2203553651,0.13177025
2203520312,0.84550375
2203558462,0.6644552
2203550024,0.42455214
2203560003,0.1083222
2203540059,0.20490718
2203540155,0.33983523
2203552287,0.06756136
2203558578,0.39788866
2203553039,0.39542323
2203517265,0.3909421
2203559916,0.10972372
2203554663,0.062068284
2203532701,1.0048926
2203559484,0.493511
2203555165,1.7941397
2203559863,0.027877897
2203543568,0.664308
2203537868,2.4385474
2203555695,0.4466932
2203555083,1.0750966
2203554175,1.0853534
2203532632,0.42455214
2203502281,0.30930915
2203554586,0.4333424
2203504092,0.026023358
2203559568,0.94166934
2203544528,0.58669525
2203528260,0.1225777
2203557559,0.41088644
2203553547,0.41088644
2203531345,0.7661716
2203547585,0.21767098
2203534391,0.3909421
2203559961,0.62272197
2203554252,0.03836891
2203546370,0.44074908
2203557634,0.08017573
2203536811,0.97763383
2203514442,0.27350095
2203546191,0.4813217
2203557807,0.42455214
2203521749,0.016047925
2203472822,0.034905374
2203546690,0.42737332
2203531890,0.26654273
2203525487,0.9424126
2203495851,0.35237443
2203555017,0.4813217
2203557284,0.4518239
2203535800,0.6812928
2203557548,0.7775866
2203556181,0.6347157
2203558009,1.6149844
2203559872,0.42486107
2203527900,1.3775036
2203549720,0.46208385
2203559621,0.7228463
2203535746,0.54627997
2203559770,0.387485
2203504007,0.0076498985
2203512333,0.4971234
2203545402,1.0848038
2203555915,0.58937067
2203553376,0.74968344
2203553053,0.37152958
2203558958,0.4813217
2203558948,0.48188952
2203556814,0.33269525
2203555746,0.020204157
2203550245,0.024999946
2203548540,0.48506805
2203559521,0.32787177
2203555872,0.5311819
2203557914,0.8295638
2203559629,0.19559175
2203553486,0.007617086
2203551903,0.5311819
2203518119,0.7304115
2203546304,1.4000041
2203558908,0.27443582
2203555384,0.014562994
2203548093,0.023454309
2203544794,0.59634614
2203557693,-0.04640609
2203541864,0.3909421
2203524269,0.41708302
2203544840,0.3608697
2203537419,0.03164977
2203551484,1.1764073
2203546297,0.39142576
2203529454,1.1171007
2203555206,0.493511
2203488494,0.6922307
2203446654,0.46701434
2203514688,0.0031319857
2203527596,0.42455214
2203532589,0.82837224
2203559049,0.08396721
2203541728,0.13826936
2203529124,0.42737332
2203546360,0.46208385
2203488190,0.12537122
2203554359,1.0744071
2203471831,0.44716364
2203555879,1.5490986
2203556869,0.0140838325
2203557789,0.5311819
2203517446,0.24455222
2203511130,1.0847526
2203553224,0.41101402
2203558194,0.023456633
2203503511,0.32734773
2203558197,0.44854724
2203554619,0.46177512
2203545978,0.57231915
2203532758,0.268389
2203551284,0.41708302
2203558163,0.1613057
2203555284,0.23752877
2203559376,0.0045658946
2203504054,0.493511
2203557700,0.08017573
2203554876,0.2939724
2203485708,0.6812928
2203556793,0.12537122
2203545118,0.268389
2203542204,0.46701434
2203528762,0.034889072
2203559130,0.42455214
2203537926,0.6503583
2203522157,0.2642644
2203553927,0.30930915
2203542230,0.6728025
2203550149,0.664308
2203555887,1.571896
2203536002,0.42737332
2203556212,0.363042
2203508414,0.29293635
2203558002,1.6308656
2203556475,0.5002288
2203539407,0.33983523
2203526311,0.54627997
2203559215,0.33983523
2203550696,0.5651305
2203559637,0.03854218
2203508671,0.017135412
2203557521,0.7709293
2203557941,0.2412566
2203559108,1.1427536
2203550697,0.53912276
2203557926,0.4981351
2203531077,0.1613057
2203556954,0.14432397
2203553403,-0.11130762
2203550039,0.42737332
2203553501,0.47146407
2203558797,0.57231915
2203539545,0.2965389
2203556209,0.5311819
2203549214,-0.026697874
2203510985,0.64529043
2203510420,0.0765371
2203557503,0.13021234
2203509241,0.8350334
2203535577,0.42455214
2203558822,0.33983523
2203552122,0.3932235
2203522527,0.0059140325
2203552033,0.2483736
2203502147,0.6688894
2203557485,0.3909421
2203553652,0.12537122
2203530812,0.42455214
2203558158,0.6503583
2203553051,0.0077041984
2203553745,0.3734093
2203553082,0.46387982
2203553157,0.493511
2203544525,0.46960497
2203514897,-0.0072423816
2203492214,0.6840705
2203555966,0.493511
2203552071,0.2642644
2203550947,0.03307864
2203559052,0.39788866
2203549564,0.4813217
2203539261,0.18625814
2203553496,0.21955699
2203547914,0.007617086
2203550607,0.12273002
2203558921,0.41708302
2203559058,-0.09261274
2203554730,0.493511
2203520283,0.97763383
2203553008,0.24393624
2203558583,0.27309108
2203556460,0.9379884
2203546722,0.6728025
2203558863,0.96944
2203559735,0.04377401
2203559282,0.6440051
2203556248,0.4813217
2203550514,0.08301309
2203512785,0.0009507835
2203488788,0.86332005
2203547220,0.41708302
2203526719,0.4813217
2203535904,1.8595165
2203531673,0.022385865
2203553117,0.16008395
2203548846,0.664308
2203494347,0.44074908
2203552115,0.64773977
2203547818,0.64773977
2203556458,0.41088644
2203557644,0.493511
2203538940,0.44716364
2203506256,0.19602603
2203539283,0.39547393
2203468811,0.43522757
2203558244,0.036420435
2203514710,0.98604894
2203554994,0.493511
2203559579,0.79236436
2203461701,0.70303786
2203559261,0.3440815
2203477767,0.47275576
2203534554,0.23480797
2203559480,0.3909421
2203559707,0.6728025
2203551280,0.009985745
2203499948,0.5054066
2203547154,0.016330838
2203539331,0.24455222
2203537453,0.42246938
2203539260,0.18625814
2203559529,0.5311819
2203550762,0.65837896
2203507066,1.4876492
2203497401,0.97097284
2203471960,0.023675531
2203550661,0.63914466
2203543397,1.7439702
2203555748,1.4510736
2203537560,0.64773977
2203558370,0.42982906
2203550452,0.42455214
2203559437,0.23752877
2203555207,0.89884806
2203505614,0.5358803
2203559793,0.6812623
2203558240,0.12537122
2203554588,0.62272197
2203559150,0.004840374
2203551203,0.4386057
2203503681,0.15450493
2203530810,0.2642644
2203559587,1.3123237
2203543148,0.4466932
2203555921,0.58937067
2203559317,0.639538
2203559451,0.046078026
2203553955,0.39542323
2203555714,0.12537122
2203479793,0.44716364
2203547798,0.09617683
2203517561,0.69490457
2203498541,0.31168452
2203508829,0.0043306947
2203556693,0.42455214
2203557153,0.5311819
2203507963,0.5356963
2203548348,0.98604894
2203552494,0.712676
2203540058,0.019947678
2203556220,0.83612347
2203514800,0.31422314
2203550707,0.051765084
2203559114,0.27309108
2203515628,1.1074295
2203554214,0.44074908
2203532912,0.04223612
2203552976,0.363042
2203538018,0.53912276
2203543845,0.268389
2203558505,0.41708302
2203530440,0.21522295
2203559324,0.4865052
2203528222,0.08356136
2203553756,0.046078026
2203559330,0.29137897
2203557743,0.04493004
2203512132,-0.026697874
2203559219,0.363042
2203553420,0.65837896
2203550244,-0.0075544715
2203477907,0.009635955
2203553948,0.5309384
2203557654,1.7825569
2203519874,0.008588284
2203532280,0.58856833
2203554804,-0.051297903
2203559623,0.3909421
2203495534,1.4767635
2203558449,0.42455214
2203555208,0.19833434
2203551411,0.1083222
2203557997,0.017555654
2203557746,0.08017573
2203534635,0.5054066
2203543766,0.46177512
2203543112,0.0059176385
2203544398,0.03836891
2203557698,0.14996195
2203558830,0.2754234
2203490553,0.5651305
2203555191,0.493511
2203547989,0.6912282
2203555161,0.23752877
2203559476,0.31168452
2203510853,0.572753
2203536034,0.08485496
2203559046,0.5541767
2203556812,0.102279514
2203550521,0.012986511
2203511442,1.6239244
2203531709,1.0594641
2203557369,0.79152375
2203542019,2.5367794
2203533618,0.58856833
2203542148,0.33983523
2203555525,0.5311819
2203508705,0.3922286
2203558748,0.032697827
2203556865,0.21504673
2203529167,0.42737332
2203550511,0.16129762
2203499645,0.558663
2203558329,0.43522757
2203558394,0.026208669
2203554914,0.39542323
2203548402,0.712676
2203558436,0.5272726
2203533536,0.9280706
2203557097,0.41708302
2203531867,0.44074908
2203513361,0.54158145
2203558952,0.39542323
2203551627,0.029803783
2203528767,0.6505245
2203556447,0.4813217
2203558127,0.41708302
2203539633,0.66246504
2203554564,0.33269525
2203538263,0.512334
2203557015,0.33983523
2203541445,1.3775036
2203558931,0.12234473
2203555853,0.42486107
2203545838,0.8500045
2203539081,1.2338259
2203543083,0.42455214
2203559138,0.62272197
2203555195,0.33312136
2203543077,1.0442386
2203559283,0.020316571
2203535019,0.0018610954
2203557184,0.97763383
2203559420,0.4482294
2203512884,0.5031723
2203559153,0.0054688454
2203513718,0.3619335
2203549663,0.0028589964
2203525742,0.36707008
2203542556,0.029226363
2203529792,0.6503583
2203550278,0.42455214
2203540716,0.35237443
2203553507,0.33126894
2203557726,1.2176123
2203502100,0.57231915
2203545455,0.4691801
2203545702,2.332007
2203555475,0.51884925
2203545461,0.4813217
2203557222,0.65837896
2203555553,0.12537122
2203514011,0.011638552
2203552599,0.99378896
2203547176,0.009985745
2203510992,0.010704786
2203549567,0.4466932
2203527806,-0.0072423816
2203528994,0.6724872
2203491508,0.3909421
2203547795,0.30930915
2203547768,0.009985745
2203554992,1.0209272
2203503152,0.97763383
2203553220,0.83264303
2203559957,0.268389
2203558854,0.44074908
2203555624,0.33983523
2203545362,0.42455214
2203535655,0.39788866
2203559435,0.42455214
2203504560,-0.020967245
2203558860,0.33983523
2203554459,0.4813217
2203548451,0.53912276
2203494542,0.38431442
2203522702,0.2642644
2203559852,0.36200738
2203546687,0.310005
2203487021,0.44074908
2203502349,0.42486107
2203551997,0.007617086
2203552443,0.493511
2203508139,0.6825925
2203555009,2.0927014
2203545399,0.685756
2203511711,0.5992743
2203551808,0.42455214
2203553259,0.038434952
2203552888,0.47634703
2203554288,0.58127445
2203554097,0.12537122
2203547487,0.7304115
2203547101,0.23102742
2203496829,0.37247372
2203558189,0.4466932
2203539362,-0.053972363
2203533447,0.04029444
2203556649,0.75391185
2203506063,0.6440051
2203546339,0.4813217
2203506387,0.3932235
2203526628,0.03854218
2203500568,0.5311819
2203546402,0.020316571
2203548952,0.23752877
2203524565,0.64230156
2203557705,0.08017573
2203547868,0.0007762909
2203528531,0.33312136
2203553683,0.5272726
2203503762,0.493511
2203559732,1.152796
2203556170,0.79720765
2203511820,0.39542323
2203557439,0.2483736
2203504561,0.3914999
2203524256,0.42455214
2203532105,0.79720765
2203555157,0.44074908
2203536797,0.5104038
2203533902,0.42435977
2203550922,0.36200738
2203557147,0.23752877
2203531541,0.007617086
2203507100,0.64323175
2203558823,0.12537122
2203558764,0.036576748
2203523041,0.6871482
2203495898,0.6503583
2203479422,0.64773977
2203532700,0.7117343
2203545474,0.4813217
2203556786,0.29738057
2203524749,0.11449829
2203554698,0.084875375
2203554552,0.23300791
2203538334,0.42455214
2203473278,1.3956978
2203557750,0.46391135
2203553287,0.54627997
2203531170,0.005792558
2203494279,2.1638255
2203539112,0.0154902935
2203504682,0.42737332
2203558326,0.86332005
2203510874,0.005066484
2203558205,0.17892042
2203551855,0.44716364
2203510349,0.64773977
2203515132,0.493511
2203547394,0.42455214
2203557206,0.3909421
2203506009,0.4763536
2203546721,1.2081721
2203487565,0.64773977
2203558096,0.009099126
2203556371,1.3374949
2203539395,0.75930256
2203559958,0.10560769
2203553989,0.42455214
2203557356,0.049476057
2203513256,0.41676635
2203546807,0.3909421
2203554127,0.5002288
2203540830,0.48707008
2203540118,0.4466932
2203558608,0.7077267
2203559559,0.41708302
2203494379,0.3440815
2203501111,0.8500045
2203559233,0.09944132
2203552113,0.363042
2203498025,0.5311819
2203542585,0.28645468
2203538982,0.020657837
2203556662,0.42983624
2203557759,0.055873394
2203507835,1.0047388
2203556063,0.42455214
2203547866,0.007617086
2203558706,0.363042
2203476772,0.68505865
2203552384,0.4394216
2203542068,0.42206103
2203554839,0.4971234
2203552225,0.009985745
2203535950,0.37119547
2203556806,0.12537122
2203531108,-0.003709495
2203556813,0.3932235
2203554646,0.0079597235
2203539361,0.64257836
2203555751,0.020204157
2203494323,0.5358803
2203533999,0.493511
2203559470,0.5031723
2203545212,0.528208
2203558350,0.4813217
2203529198,0.2483736
2203556508,0.58856833
2203550413,0.3909421
2203532279,0.58856833
2203555044,0.2754234
2203556265,0.64773977
2203506193,0.014080495
2203543146,0.53912276
2203540048,0.64414227
2203557613,0.23752877
2203530995,0.80766875
2203547125,0.6503583
2203528458,0.4859411
2203557169,0.268389
2203532599,0.57231915
2203544570,0.009776175
2203552646,0.41708302
2203547907,0.7705076
2203532709,0.517283
2203547146,0.3909421
2203557643,0.664308
2203519533,0.62272197
2203541570,0.94166934
2203529214,0.6741877
2203490160,0.8237207
2203509084,0.6644552
2203508355,0.6440051
2203539418,0.86764896
2203550015,0.23752877
2203536245,0.6071117
2203557691,0.16129762
2203547562,0.45239854
2203541307,0.42455214
2203558986,0.493511
2203465939,0.41676635
2203559946,0.2642644
2203558061,0.084875375
2203548915,0.037861645
2203556578,0.7565303
2203556711,0.5712595
2203544207,0.29738057
2203539895,0.016368061
2203542057,0.9280706
2203556092,1.7825569
2203482184,0.6812928
2203540591,0.3209448
2203556586,0.221311
2203540571,0.36568117
2203558022,0.23752877
2203500862,0.032697827
2203555171,0.8237207
2203552357,0.5309384
2203539218,0.37119547
2203544804,0.42455214
2203552549,0.94166934
2203535934,0.38156092
2203469170,-0.048853755
2203511790,0.64230156
2203559393,0.41708302
2203549595,0.75930256
2203547257,0.41934904
2203558392,0.3932235
2203557554,0.41088644
2203499742,1.8013958
2203514995,0.5659746
2203501100,0.6440051
2203556275,1.321648
2203556171,1.2005911
2203435680,0.004267186
2203519459,0.006256968
2203540579,0.5651982
2203539199,0.05662352
2203558000,0.23752877
2203532904,0.36568117
2203541347,0.5272726
2203548089,0.65685797
2203555736,0.41513026
2203558792,0.09397477
2203556597,0.3909421
2203541096,0.7304115
2203559232,0.81046474
2203529341,0.65102583
2203555335,0.056985825
2203545009,0.5104038
2203557372,0.5311819
2203469099,0.5612438
2203473670,0.016552031
2203558760,0.4813217
2203558585,0.4375613
2203558880,0.43177527
2203553525,0.33983523
2203512525,0.0021968186
2203555996,0.8959383
2203527675,0.05662352
2203546038,1.2005911
2203510860,0.42486107
2203557336,0.13826936
2203556783,0.36707008
2203559076,0.26474464
2203550398,0.46701434
2203557890,0.42455214
2203557120,0.3909421
2203518535,0.0295842
2203552316,0.0472759
2203558827,0.2772413
2203558906,1.2737958
2203467638,0.42206103
2203526815,0.999258
2203559561,0.43177527
2203539649,0.74892306
2203521323,0.27105165
2203559290,0.12537122
2203541322,0.363042
2203479886,0.1417118
2203504758,0.58856833
2203557329,0.42426133
2203556768,0.493511
2203532844,0.9280706
2203556501,0.19833434
2203557961,0.3932235
2203547400,0.40245843
2203485376,0.0045778155
2203558116,1.2703005
2203506716,0.20580974
2203548776,0.4813217
2203554212,0.025859416
2203540511,0.09470314
2203552029,0.41708302
2203553862,0.572753
2203512145,0.16008395
2203558126,0.33126894
2203555689,0.3749775
2203486456,0.6812928
2203553568,0.41659042
2203553870,0.76932406
2203533978,0.2915537
2203504703,0.64773977
2203552176,0.46387982
2203558891,0.14996195
2203534437,0.015195429
2203558479,0.6503583
2203559023,0.5048411
2203543316,0.3909421
2203539198,0.5659746
2203555048,0.22565642
2203559131,0.03096494
2203557245,0.42455214
2203555707,0.39542323
2203546183,0.42455214
2203557240,0.86332005
2203553626,0.5651982
2203524894,0.09780532
2203533345,0.53912276
2203501364,0.4918307
2203524728,0.009883076
2203555692,0.3932235
2203509733,0.0058272183
2203545081,0.34891617
2203557180,0.97763383
2203557600,0.1083222
2203550701,0.61750066
2203558086,0.41708302
2203557580,0.3734093
2203554684,0.12537122
2203555237,0.0784871
2203546397,0.56963384
2203557939,0.102279514
2203553060,0.24274632
2203545509,0.7705076
2203556861,0.5309384
2203503088,0.97763383
2203528030,0.4573552
2203558334,0.12537122
2203474788,0.22525066
2203559843,0.43047938
2203558199,0.7574828
2203524458,0.41708302
2203480055,0.7304115
2203495881,0.78109825
2203547155,0.28023505
2203541593,0.1613057
2203512356,0.12817743
2203521228,0.26700032
2203556302,0.6440051
2203547906,0.5031723
2203510152,0.3749775
2203546040,0.13826936
2203559264,0.19833434
2203554935,0.24274632
2203523175,0.0098876655
2203524228,0.008927375
2203508024,0.19321391
2203409429,0.58996016
2203539236,0.043473095
2203513550,0.14996195
2203556950,0.47634703
2203519557,0.43522757
2203559034,0.43712994
2203515545,0.80702955
2203514186,0.21522295
2203554614,0.0058552027
2203550897,0.86332005
2203527656,0.6812928
2203559594,0.3982077
2203525883,0.12829861
2203554805,0.41088644
2203550962,0.33983523
2203541662,1.2406538
2203554747,0.33917648
2203551274,0.024038553
2203525966,1.3287349
2203554592,0.58856833
2203534386,0.04417652
2203550168,0.493511
2203556764,0.3909421
2203518813,1.5192429
2203503365,0.16129762
2203541226,0.44074908
2203540774,0.6440051
2203539981,0.493511
2203556531,0.79720765
2203477879,0.4871076
2203544969,0.48707008
2203558309,0.0045658946
2203555903,0.2642644
2203528056,0.94383705
2203558999,0.0045918226
2203549901,0.004474312
2203502300,0.32785878
2203551977,0.21767098
2203530693,0.46701434
2203502404,0.6503583
2203484201,1.1052203
2203524600,0.23752877
2203557327,0.4971234
2203547803,0.42206103
2203559231,0.6990536
2203555934,0.86332005
2203558795,0.33336747
2203557024,0.42455214
2203553813,0.99874246
2203552924,0.3932235
2203554506,0.19559175
2203554056,0.3749775
2203551325,0.65837896
2203554842,0.6825925
2203556611,0.5311819
2203536470,0.27443582
2203555524,0.6440051
2203515038,0.2687013
2203559332,0.42455214
2203537442,0.7372489
2203528985,0.37152958
2203556166,0.4466932
2203539703,0.7304115
2203556411,0.05402842
2203558934,0.16129762
2203499561,0.0924277
2203554533,0.493511
2203547150,0.011743695
2203555696,0.35237443
2203551307,0.07759461
2203556751,0.35441655
2203557335,0.5048411
2203556038,0.3982077
2203509722,1.016197
2203557839,0.38766956
2203556648,0.21767098
2203509812,0.3142802
2203553952,0.41708302
2203503613,0.008427292
2203558922,0.41708302
2203502803,0.32132494
2203541647,1.3145099
2203520562,0.32377902
2203513790,0.43522757
2203552420,0.27105165
2203526016,0.46391135
2203547268,0.039774626
2203526422,0.2856958
2203497033,0.41193599
2203512643,0.5104038
2203558867,0.61750066
2203531332,0.64773977
2203554631,0.3749775
2203526767,0.43522757
2203555508,0.41088644
2203546569,0.664308
2203558512,0.08205441
2203530597,0.21660641
2203476846,0.6069223
2203556157,0.41708302
2203477281,0.33983523
2203510048,0.7372489
2203447299,0.3935851
2203504386,0.47115847
2203549379,0.2642644
2203538986,-0.0072423816
2203556864,0.0140838325
2203559212,-0.08956337
2203550974,0.12537122
2203553073,0.493511
2203431331,0.27309108
2203539902,0.6440051
2203557278,0.86332005
2203516899,0.013343722
2203526330,0.56963384
2203548103,0.3749775
2203511363,0.46701434
2203554074,0.04166317
2203559603,0.46701434
2203557484,0.5094923
2203514957,1.3123237
2203556456,0.4971234
2203534800,0.5002288
2203547813,0.13021234
2203558901,0.9549052
2203556167,0.4971234
2203545899,0.15450493
2203555997,0.8109524
2203552370,0.08201456
2203503997,0.012045771
2203556436,0.6704735
2203516402,0.5612438
2203559546,0.29490662
2203552368,0.268389
2203557534,0.42455214
2203522561,0.42455214
2203556069,0.41708302
2203547605,0.0033309758
2203539122,0.42455214
2203532671,0.664308
2203556448,0.57231915
2203555459,0.4260867
2203555619,1.0080682
2203506151,0.54357463
2203556415,0.64230156
2203534009,0.7705076
2203559333,0.41659042
2203556480,0.42983624
2203557295,0.363042
2203526670,0.012660295
2203514675,0.7304115
2203555420,0.24712893
2203522865,0.98604894
2203557858,0.009266585
2203551297,0.21660641
2203527819,0.1613057
2203486895,0.41659042
2203551081,0.2772413
2203555584,0.010388672
2203556202,0.23102742
2203534757,0.36707008
2203532206,0.82837224
2203518070,0.7304115
2203503994,0.030423522
2203558004,0.1083222
2203511308,0.1083222
2203558601,0.015321493
2203522634,0.0024313033
2203522382,0.512334
2203553429,0.29137897
2203555849,0.3909421
2203554618,0.9077133
2203559403,1.0744071
2203551780,0.06736934
2203558064,0.049491167
2203559017,0.268389
2203530214,0.43712994
2203530746,0.1897563
2203507994,0.4813217
2203530885,0.015321493
2203482494,0.3914999
2203536257,1.0258515
2203546731,0.43522757
2203533645,0.7304115
2203537874,0.42832768
2203557782,0.72134185
2203555209,0.5414873
2203556255,0.7304115
2203553218,0.12537122
2203543500,0.31373188
2203559911,0.093832195
2203559956,0.57231915
2203513724,0.268389
2203558951,0.54627997
2203551094,0.29164317
2203518814,0.00731501
2203533037,0.58856833
2203525352,0.35733718
2203551083,0.5664421
2203553622,0.04321596
2203559617,0.268389
2203528853,0.33983523
2203554656,0.5712595
2203546752,0.5651982
2203558477,0.34000528
2203530066,0.1083222
2203540149,0.41601348
2203556338,0.12202713
2203552890,1.2784369
2203551413,0.46701434
2203544569,0.27309108
2203554297,0.36200738
2203557211,0.6493735
2203536932,0.43712994
2203527622,1.4291536
2203546779,0.46701434
2203540825,0.56963384
2203552535,0.558663
2203558187,0.42455214
2203515643,0.2945633
2203549475,0.33983523
2203554640,0.558663
2203527230,0.3254965
2203545672,0.6728025
2203481309,0.0149026215
2203550125,0.44664553
2203546661,0.032155395
2203532642,0.43522757
2203533374,1.9693975
2203541237,0.42455214
2203527571,0.7304115
2203558974,0.19833434
2203555345,1.4202912
2203554840,0.8066271
2203534697,0.023385733
2203555222,1.162698
2203533976,0.74568975
2203497088,0.41513026
2203548806,0.16129762
2203559265,0.75930256
2203526332,0.023456633
2203524544,0.39188197
2203517293,0.38304234
2203523348,0.81046474
2203557155,0.42455214
2203506214,0.5842977
2203535407,0.5311819
2203550029,0.37152958
2203509573,0.7705076
2203485325,0.42455214
2203515100,0.42455214
2203518254,0.41659042
2203532910,0.24393624
2203555723,1.7041495
2203551115,0.23300791
2203542126,0.2642644
2203542486,1.2338259
2203539938,0.5311819
2203532553,0.9280706
2203527517,0.8350334
2203528025,0.493511
2203556686,0.21522295
2203549937,0.5311819
2203491048,0.44716364
2203557529,0.664308
2203550041,0.88251626
2203556227,0.5272726
2203507585,0.42455214
2203552726,0.49905047
2203540079,0.34000528
2203546275,0.3749775
2203511633,0.7705076
2203557969,0.0683966
2203559414,0.6136109
2203542228,0.493511
2203558582,0.48817915
2203551805,0.81046474
2203546186,0.3909421
2203559032,0.23752877
2203550433,0.493511
2203552569,0.021514595
2203548963,0.53912276
2203528926,0.014735103
2203546403,0.81046474
2203554859,0.37152958
2203556427,0.05402842
2203526421,0.35179085
2203557101,0.4963141
2203554655,0.43522757
2203529216,1.2475941
2203541092,0.30296567
2203545370,0.4571249
2203557908,0.42455214
2203556779,0.46701434
2203508658,1.0428513
2203559009,0.009985745
2203540186,1.2389028
2203546620,0.7705076
2203504160,0.38304234
2203558416,0.22429255
2203502998,0.01598239
2203556412,0.5272726
2203556529,0.62272197
2203502802,0.16129762
2203544056,0.5311819
2203542530,0.4466932
2203554128,0.47634703
2203498861,0.39004844
2203509485,0.047191024
2203542038,0.493511
2203458135,0.10697496
2203542161,0.63914466
2203534226,0.33983523
2203495656,0.10697496
2203557298,2.0149052
2203531138,0.5612438
2203529169,0.42455214
2203517130,0.009627342
2203559206,0.56851816
2203554181,0.34965515
2203558159,0.28875226
2203543340,0.80766875
2203558766,0.42455214
2203551466,0.4813217
2203559361,2.0927014
2203497513,0.9280706
2203544565,0.58856833
2203555910,0.363042
2203558107,0.75930256
2203558577,0.6503583
2203537207,0.512334
2203546146,0.6812623
2203546115,0.42983624
2203452008,0.41101402
2203558478,0.42455214
2203508776,2.5090005
2203558352,0.36405122
2203556367,0.14910361
2203552523,0.3909421
2203534691,0.22589695
2203474130,0.011914939
2203552112,0.73933935
2203557428,0.36707008
2203524416,0.73933935
2203490698,0.44074908
2203553546,0.616604
2203542548,0.62272197
2203559719,0.3909421
2203554119,0.5272726
2203541130,0.44074908
2203558231,0.12537122
2203508885,0.664308
2203473932,0.7304115
2203553012,0.08950648
2203553475,0.33983523
2203551706,0.3909421
2203526783,0.015245587
2203527027,0.039404094
2203538180,0.16129762
2203514606,0.017479211
2203549671,0.4466932
2203555989,0.33983523
2203539918,0.0036179423
2203543592,0.12846175
2203559014,0.14996195
2203534416,0.74968344
2203554071,0.12817743
2203537980,0.42455214
2203517184,1.2592384
2203557426,0.493511
2203513397,0.5002288
2203524082,0.0113019645
2203557936,0.46701434
2203546232,0.5309384
2203480513,0.5693164
2203558426,0.42737332
2203544789,0.41708302
2203555150,0.53912276
2203555111,0.3749775
2203544291,0.81112427
2203495940,0.12537122
2203546727,0.3749775
2203557584,0.39788866
2203547861,0.004474312
2203542610,0.10954672
2203464350,0.44716364
2203546565,0.41708302
2203543353,0.2331006
2203554004,0.30323926
2203525507,0.3932235
2203536050,0.45263597
2203528775,1.2475941
2203502917,0.39306927
2203558144,0.31774527
2203557100,0.040984064
2203557251,0.41088644
2203555217,0.42206103
2203548434,0.12537122
2203558712,0.29137897
2203559468,0.4813217
2203557871,0.19833434
2203544294,0.42983624
2203545900,0.033703417
2203533460,0.30930915
2203509908,0.7228463
2203548133,0.33312136
2203557280,0.4466932
2203508007,0.39542323
2203547978,0.3932235
2203559901,0.33126894
2203518405,1.0428513
2203468215,0.0456509
2203503544,0.6683751
2203558788,0.268389
2203545107,0.44690192
2203494361,0.12537122
2203556150,0.28023505
2203545479,0.33983523
2203432844,0.44409883
2203554076,0.268389
2203551025,0.4971234
2203548974,0.43902302
2203555241,0.33983523
2203546220,0.4971234
2203526130,0.0053517222
2203550132,0.13021234
2203559781,0.23752877
2203558750,0.268389
2203556775,0.42455214
2203548082,0.19559175
2203557526,0.41708302
2203503938,0.4673917
2203540949,0.015676558
2203518511,0.8066271
2203512492,0.35162327
2203557188,0.56973076
2203557663,0.19602603
2203557849,0.41708302
2203484080,0.013790727
2203556497,0.86332005
2203559007,0.560707
2203549191,0.23752877
2203556155,0.36707008
2203542834,0.6440051
2203557052,0.3982077
2203504962,0.414864
2203554245,0.53912276
2203556193,0.2642644
2203559718,0.032697827
2203559246,0.4339179
2203544536,0.41708302
2203529333,0.27971584
2203513630,0.21660641
2203542967,0.8031676
2203550055,0.011519849
2203559653,0.0140838325
2203477647,0.3909421
2203545208,0.29620406
2203542608,0.23752877
2203556375,0.2350528
2203499291,0.27443582
2203524551,0.01634571
2203504585,0.41101402
2203551575,0.42455214
2203534794,0.5002288
2203542171,0.038463175
2203552526,0.30930915
2203554316,0.3932235
2203525298,0.0739975
2203498529,0.28023505
2203544614,0.558663
2203556126,0.5679045
2203527944,0.7705076
2203494119,0.22147778
2203524582,0.67885584
2203544163,0.61750066
2203559154,0.8649411
2203547266,0.4607912
2203544640,0.13385013
2203557390,0.54357463
2203532569,0.3935851
2203481711,0.44074908
2203528924,0.4466932
2203559903,0.5272726
2203544617,0.7304115
2203555829,0.74828523
2203521590,0.33983523
2203550934,0.09470314
2203555371,0.39788866
2203529183,0.1684989
2203552536,0.558663
2203516450,0.43047938
2203506094,0.3909421
2203550821,0.09470314
2203540307,0.54357463
2203558439,0.6495392
2203544894,0.4673917
2203533931,0.7372489
2203547845,0.0924277
2203549753,0.09470314
2203472271,0.016884983
2203552144,0.09221667
2203535037,0.39306927
2203506169,0.29137897
2203555575,0.014200747
2203521214,0.007617086
2203558683,0.3909421
2203552315,0.0054688454
2203557328,0.07100871
2203556520,0.29137897
2203556108,0.46701434
2203545125,0.7372489
2203541759,0.65837896
2203553316,0.17165133
2203558308,0.055380344
2203558470,0.05402842
2203551163,1.7041495
2203557794,1.4228518
2203540175,0.5311819
2203539696,0.3932235
2203537634,0.664308
2203546082,0.56973076
2203542586,0.5136582
2203557857,0.43522757
2203534118,0.2856958
2203558864,0.26321942
2203507723,0.79236436
2203537972,0.5176302
2203490197,0.3587445
2203548758,0.6503583
2203555137,0.005255878
2203553071,0.6666939
2203507395,0.3914999
2203552123,0.5272726
2203485490,0.8066271
2203556188,0.493511
2203558963,0.4036381
2203553112,1.6149844
2203552178,0.5272726
2203553931,0.07286948
2203553247,0.74968344
2203520385,0.3734093
2203543310,0.33126894
2203522879,0.005669385
2203548676,0.6440051
2203552216,0.5311819
2203526047,0.94166934
2203556164,1.0744071
2203551363,0.29137897
2203539341,0.45247993
2203513332,0.017691672
2203527481,0.493511
2203502342,0.8237207
2203531547,0.17892042
2203521558,4.5508146e-05
2203498457,0.01632762
2203554485,0.4813217
2203528718,0.42455214
2203522572,0.42455214
2203544140,0.084875375
2203522904,0.19833434
2203532277,0.19833434
2203553084,2.2641163
2203551733,1.7825569
2203546659,0.5659746
2203531800,0.26474464
2203515449,-0.0065202713
2203556679,1.1936388
2203556047,0.33983523
2203557080,0.45066655
2203531751,0.4386057
2203507023,0.64230156
2203546481,0.4813217
2203512285,0.015326947
2203507642,0.38965315
2203518583,0.016236901
2203555866,0.009589225
2203531690,0.1897563
2203496659,0.10697496
2203514677,0.25652266
2203558837,0.664308
2203557303,0.04029444
2203554807,0.030216783
2203557575,0.034265935
2203557148,0.4161003
2203554889,0.4813217
2203503354,0.5612438
2203549095,0.41708302
2203531757,0.58856833
2203458370,0.5612438
2203522178,0.225301
2203517754,1.3623819
2203558202,0.19724086
2203556891,0.41088644
2203554765,0.05402842
2203553396,0.4813217
2203522974,1.0534859
2203525612,0.19559175
2203520731,0.225301
2203556785,0.0140838325
2203550663,0.23300791
2203531573,0.4813217
2203509204,0.009266585
2203553542,0.0753344
2203558387,0.664308
2203496958,0.2483736
2203558184,0.3932235
2203537219,0.493511
2203549148,0.43047938
2203551866,0.63657415
2203548374,1.6239244
2203546947,0.3909421
2203541327,0.09423074
2203555227,0.3909421
2203498858,0.39004844
2203531444,0.64230156
2203477653,0.29738057
2203556878,0.36707008
2203545011,1.1685069
2203546476,0.41088644
2203539133,0.030216783
2203559137,1.5858579
2203549216,0.79720765
2203556792,0.012101918
2203559013,-0.03653997
2203527165,0.664308
2203557414,0.5311819
2203555372,0.63914466
2203474115,0.27447915
2203474122,0.27447915
2203522054,0.4813217
2203557107,0.17966095
2203506131,0.73254156
2203557724,0.009883076
2203549359,0.3909421
2203527309,0.2410272
2203558840,-0.010519505
2203548227,0.102279514
2203522015,1.016197
2203557607,1.7745382
2203555889,0.39788866
2203552557,1.2703005
2203556141,0.5311819
2203551701,0.009650052
2203524314,0.33983523
2203523734,0.013946623
2203535715,0.014431387
2203526003,0.29137897
2203493058,0.29190814
2203486752,0.31168452
2203516081,0.4813217
2203553227,0.4813217
2203500963,0.015559971
2203553087,0.12537122
2203555441,0.032840848
2203553716,0.12537122
2203552666,0.37152958
2203552249,1.2703005
2203549027,0.30930915
2203552288,0.33366668
2203554341,0.53912276
2203501899,0.37469578
2203530459,0.3932235
2203559396,0.05402842
2203549607,0.81112427
2203478970,0.4571249
2203554916,0.19833434
2203556215,0.26065236
2203548098,0.28023505
2203553052,0.81046474
2203543578,0.42455214
2203556638,0.268389
2203532502,0.20530647
2203520295,0.80211926
2203539469,0.5612438
2203523135,1.2152195
2203508812,0.2642644
2203531938,0.33126894
2203550418,0.42455214
2203503436,0.012096345
2203536702,0.21767098
2203553189,0.54627997
2203539553,0.39547393
2203559752,0.74968344
2203529963,0.3001007
2203555446,0.0028303266
2203555684,0.42983624
2203531844,0.43712994
2203556432,-0.019459188
2203554707,0.664308
2203517848,0.13385013
2203559630,0.35651144
2203545475,0.75930256
2203555682,0.0140838325
2203557009,0.5612438
2203558023,0.108739555
2203492549,0.12273002
2203552960,0.9077133
2203531990,0.31508124
2203528735,0.8237207
2203553076,0.42455214
2203508321,0.42455214
2203526453,0.42455214
2203531925,0.89884806
2203531391,0.43177527
2203522112,0.043595254
2203558183,0.19833434
2203555144,0.17833376
2203558232,0.7304115
2203534965,0.31508124
2203536628,0.09423074
2203542119,0.30930915
2203558735,-0.03560835
2203544597,0.42737332
2203545956,0.2642644
2203489879,0.20638606
2203542706,0.42455214
2203559850,0.36200738
2203523788,0.37469578
2203505015,0.12537122
2203558628,0.007617086
2203559747,0.58856833
2203557947,0.6683751
2203525292,1.0505888
2203502677,0.72148114
2203559428,-0.120097995
2203537639,0.33983523
2203545043,0.12537122
2203544738,0.39542323
2203525452,0.050449938
2203537516,0.4971234
2203556424,0.05402842
2203559366,0.42364055
2203502515,0.4813217
2203504524,0.30867904
2203546067,0.54627997
2203551405,0.363042
2203489719,0.64773977
2203554246,0.41659042
2203556708,0.46459755
2203518937,0.5031723
2203499328,0.53912276
2203528732,0.8237207
2203554173,0.29137897
2203558393,0.493511
2203559764,0.09955543
2203555020,0.12273002
2203516277,0.11449829
2203532275,0.664308
2203542999,0.098821044
2203523761,0.64773977
2203535638,0.75930256
2203552583,0.42455214
2203531094,0.11055943
2203529786,0.58856833
2203514265,0.08399096
2203502548,0.741864
2203542628,0.7304115
2203525241,0.6503583
2203559817,0.664308
2203556348,0.009266585
2203557197,0.0149026215
2203515757,-0.0072423816
2203503465,0.20490718
2203443537,0.41101402
2203521246,0.18810245
2203512819,0.39093125
2203553110,1.6149844
2203496536,0.94166934
2203524405,0.3749775
2203528720,0.0078026652
2203558691,0.008795083
2203472274,0.016884983
2203556692,0.19833434
2203553695,0.7077267
2203529942,0.12817743
2203558490,0.4813217
2203551563,0.20930845
2203555726,0.4813217
2203505877,0.25053632
2203508947,0.268389
2203510097,0.005255878
2203527960,0.083702385
2203524941,1.5963037
2203483515,0.4663282
2203554466,0.10558
2203537768,0.4813217
2203555574,0.19833434
2203549584,0.5272726
2203558405,0.57231915
2203512813,0.004369408
2203509649,0.009776175
2203482488,0.21611607
2203531551,0.21767098
2203472323,0.010074139
2203505640,0.0140838325
2203558019,0.41708302
2203557924,0.23752877
2203559508,0.2754234
2203548411,0.42455214
2203519620,0.32734773
2203559815,0.025859416
2203552763,0.4813217
2203510540,0.34965515
2203541541,0.0038532615
2203559417,1.6138611
2203557065,0.43522757
2203549808,0.04637754
2203539875,0.8237207
2203557047,0.5311819
2203549173,0.16634864
2203550096,0.29190814
2203558812,0.29490662
2203555461,0.664308
2203544541,0.56973076
2203539713,0.7304115
2203543609,0.39682174
2203504199,0.05220905
2203518044,0.3909421
2203518255,0.2757764
2203556022,0.41088644
2203554788,1.0853534
2203549718,0.56973076
2203541978,0.2754234
2203557137,0.026612014
2203556168,0.41676635
2203526320,0.19833434
2203551763,0.5311819
2203552314,0.32269114
2203535492,0.04321596
2203543315,0.22589695
2203550676,0.41708302
2203555249,0.43522757
2203552335,0.060472548
2203551951,0.74968344
2203558254,-0.02265352
2203556724,0.26321942
2203557721,0.42455214
2203545027,0.54627997
2203537526,0.011914939
2203527184,0.36200738
2203503073,0.24274632
2203538264,0.015782952
2203478595,0.41101402
2203553933,1.0534859
2203476403,0.42455214
2203554096,0.39093125
2203536972,0.27443582
2203546363,0.8659451
2203507836,0.310005
2203545422,0.56851816
2203535654,0.41708302
2203543700,0.43522757
2203558195,0.33983523
2203532550,0.5612438
2203537724,0.42455214
2203506709,0.38431442
2203553506,0.2754234
2203548667,0.09944132
2203548101,0.6503583
2203511805,0.5712595
2203540385,0.29245624
2203520585,0.3932235
2203536603,0.39542323
2203502971,0.67683524
2203534749,0.07027012
2203556618,0.05402842
2203556477,0.493511
2203555197,0.39788866
2203537252,0.12537122
2203502921,0.007484108
2203508006,0.54627997
2203556575,0.29137897
2203556943,1.8678614
2203558960,0.549675
2203547657,0.7677642
2203517909,0.53912276
2203557451,0.056357533
2203538478,0.3734093
2203521566,0.030768514
2203527152,0.7705076
2203549987,0.582691
2203502958,0.9503759
2203535218,0.1613057
2203522503,1.3623819
2203531763,0.19833434
2203555761,0.58856833
2203553653,0.9077133
2203538193,0.6440051
2203527724,0.18450779
2203552935,0.75930256
2203555099,0.42455214
2203553601,0.4466932
2203540128,0.21660641
2203549112,0.493511
2203524532,0.13342825
2203552106,0.94166934
2203554204,0.5311819
2203539873,0.8237207
2203514892,0.09470314
2203551188,0.99874246
2203545471,0.86332005
2203551355,0.39682174
2203531736,0.41708302
2203520096,1.1123658
2203543175,0.57231915
2203501149,1.2295988
2203532538,0.5706921
2203511237,0.7304115
2203556788,0.3932235
2203555880,1.6308656
2203501393,1.4139391
2203532035,0.30759996
2203558926,0.493511
2203541182,0.4813217
2203557456,0.3734093
2203499509,0.29137897
2203507154,0.005066484
2203555762,0.58856833
2203554757,0.42983624
2203548829,0.102279514
2203532273,0.5659746
2203551553,0.363042
2203515016,0.30930915
2203540662,0.21522295
2203527739,0.53912276
2203544662,0.42455214
2203544867,0.42455214
2203500187,0.58669525
2203547202,0.79720765
2203525918,0.509163
2203525311,0.44074908
2203531236,0.12537122
2203556810,0.41708302
2203557886,0.8107752
2203525737,0.47146407
2203520183,0.88095486
2203488057,0.32734773
2203553868,0.7371963
2203492271,0.64768875
2203529107,0.12524766
2203557755,0.21522295
2203541444,0.639538
2203502883,0.268389
2203547284,0.12537122
2203544233,0.4813217
2203544669,0.3909421
2203534002,0.46701434
2203535778,0.16129762
2203551711,0.19833434
2203557590,0.12537122
2203537679,0.5002288
2203559799,0.29490662
2203532791,0.011993676
2203558162,1.7464052
2203501421,0.225301
2203556703,0.32787177
2203555247,0.33805332
2203539871,0.8237207
2203558887,0.4466932
2203543027,0.42737332
2203558994,0.64529043
2203550827,1.1135738
2203548726,0.01809588
2203536293,0.5553425
2203555985,0.42455214
2203528308,0.83264303
2203549599,0.1083222
2203556381,0.01026988
2203502233,0.038592845
2203556551,0.30207103
2203547965,0.6847812
2203531351,0.69164395
2203491452,0.012986511
2203510148,0.0098876655
2203558419,0.65203106
2203496307,0.33983523
2203542373,0.4949749
2203529065,0.5992743
2203486879,1.8671916
2203558930,0.268389
2203543589,0.664308
2203510182,0.22463712
2203511573,0.034334093
2203554031,0.2754234
2203553997,0.4466932
2203557311,0.29490662
2203553055,0.02490127
2203515821,0.24777842
2203512498,0.2331006
2203549847,0.58856833
2203557189,0.052419454
2203549551,0.3909421
2203534703,0.6503583
2203558853,0.39542323
2203555862,0.43522757
2203539142,0.38579682
2203555697,0.7775866
2203523950,0.6440051
2203538581,0.41708302
2203558817,0.44716364
2203540389,0.2754234
2203554643,0.8237207
2203556717,0.41708302
2203508097,0.2754234
2203546281,0.68937594
2203558662,0.29164317
2203530753,0.03457576
2203494050,0.42435977
2203530912,0.02527976
2203516760,0.36568117
2203498912,0.20530647
2203554664,0.3909421
2203506199,0.79774743
2203557993,0.6841018
2203549470,0.10697496
2203541483,0.39788866
2203552279,0.30930915
2203557224,0.268389
2203505404,0.12537122
2203549298,0.24274632
2203488712,0.003987491
2203552327,0.37152958
2203554241,0.2939724
2203541699,0.009694815
2203524807,1.0428513
2203547140,0.27443582
2203559822,0.24698716
2203530935,2.0927014
2203554624,0.6440051
2203541132,0.86332005
2203501207,0.363042
2203514977,0.24536163
2203536880,0.89673555
2203541416,0.46701434
2203536771,0.011519849
2203546059,0.05232638
2203559599,0.025730103
2203557847,0.86332005
2203556565,1.4510736
2203558988,0.74968344
2203545168,0.30930915
2203554162,0.5311819
2203542615,0.6174247
2203451495,0.41101402
2203524163,0.4813217
2203551102,0.363042
2203530437,0.47643444
2203526167,0.48707008
2203524621,0.38156092
2203496252,0.1083222
2203553577,0.3914999
2203472638,0.3909421
2203527729,0.74828523
2203556801,0.53912276
2203532916,0.007182449
2203556074,2.0149052
2203552993,0.4813217
2203525717,-0.0072423816
2203558730,0.15504918
2203491316,-9.864569e-05
2203539702,0.62272197
2203535990,0.46317515
2203526493,0.4813217
2203540718,0.007874459
2203520055,0.20530647
2203550240,0.7693682
2203490208,0.9280706
2203511677,0.36713338
2203491655,0.084875375
2203550994,0.019621313
2203529768,-0.020481825
2203531111,0.29137897
2203556973,-0.0064350367
2203512681,-0.0177961
2203530002,0.41101402
2203540844,0.036576748
2203529367,0.39093125
2203526832,0.04029444
2203542996,0.42737332
2203531519,0.7608387
2203559650,0.4813217
2203550898,0.41708302
2203502317,0.47146407
2203537517,0.39648628
2203519006,0.4813217
2203540151,0.3909421
2203553770,0.4813217
2203547919,0.3932235
2203556440,0.268389
2203512410,0.2642644
2203550551,0.582691
2203537281,0.63657415
2203553373,0.20580974
2203557998,0.39542323
2203558629,0.20530647
2203549062,0.11449829
2203523061,0.012986511
2203536893,0.39542323
2203547772,0.2642644
2203502399,0.30343932
2203513576,0.6756548
2203539335,0.6503583
2203526674,0.493511
2203529016,1.0428513
2203556293,0.6440051
2203557616,0.14107344
2203556423,0.5659746
2203532417,0.39542323
2203559222,0.36568117
2203508697,0.42455214
2203477385,0.41101402
2203500613,0.9077133
2203507308,0.30867904
2203540121,0.493511
2203550884,0.363042
2203555401,0.42486107
2203536054,0.67511237
2203557816,0.37247372
2203556630,0.58856833
2203504534,0.635449
2203553886,0.7372489
2203554444,0.493511
2203534087,0.4466932
2203556733,2.439932
2203555923,0.60099113
2203559524,0.16129762
2203557761,0.89884806
2203558418,0.268389
2203534587,0.38766956
2203555755,0.42455214
2203516361,0.33983523
2203558139,0.3909421
2203542640,0.46701434
2203527600,0.29620406
2203558800,0.23791164
2203550581,0.5028403
2203521123,0.10560769
2203529202,0.42455214
2203501958,0.41708302
2203533628,0.36707008
2203467525,0.31508124
2203550681,0.53912276
2203556808,0.15923351
2203523620,0.86332005
2203530652,0.3982077
2203556437,0.39508414
2203523367,0.43522757
2203540822,-0.0072423816
2203529358,0.39093125
2203520176,0.5919061
2203558146,0.6503583
2203557612,1.8820505
2203556238,1.0442386
2203557882,0.3909421
2203534491,0.3749775
2203506567,0.81908464
2203551637,0.65837896
2203555194,0.42455214
2203507411,0.016368061
2203550800,0.7608387
2203556392,0.34914583
2203520875,0.4691801
2203557408,0.42714286
2203510820,0.4237326
2203502014,0.5031723
2203545001,0.3909421
2203551938,0.6503583
2203558374,1.3623819
2203558869,0.41708302
2203526886,0.12817743
2203508677,0.011709064
2203552298,0.64773977
2203552376,0.39542323
2203540753,0.42455214
2203533072,0.5679045
2203549559,0.33983523
2203504108,0.29620406
2203533446,0.025859416
2203553481,0.4237326
2203558072,0.42455214
2203551505,0.44716364
2203544668,0.33983523
2203528314,0.86332005
2203557574,0.19833434
2203530006,0.009687036
2203559066,0.4813217
2203532315,0.7705076
2203548367,0.56973076
2203526917,0.48793802
2203512365,0.94166934
2203541247,0.2642644
2203536011,0.75930256
2203530847,0.9077133
2203548019,0.29137897
2203554538,0.016020685
2203546417,0.493511
2203524180,0.10560769
2203506508,0.40178168
2203501632,0.2754234
2203553191,0.33983523
2203508653,0.29137897
2203557317,0.30930915
2203556237,0.58856833
2203518359,0.20899147
2203554741,0.10048324
2203506189,0.97763383
2203557783,0.86332005
2203558486,0.3909421
2203514680,0.42737332
2203536254,0.42455214
2203551857,0.28023505
2203522926,0.6503583
2203555861,0.70557034
2203504926,1.0129732
2203540829,0.48707008
2203543219,0.36324167
2203537731,0.28023505
2203544659,0.23300791
2203532151,0.00080645084
2203553048,0.49905047
2203466133,0.012101918
2203447417,-0.07403839
2203555275,0.33983523
2203488688,0.003987491
2203526659,0.36707008
2203472170,0.016884983
2203534209,0.06922862
2203514849,0.68243617
2203544859,0.3734093
2203506179,0.007617086
2203551708,0.6503583
2203556300,0.21522295
2203557163,0.75391185
2203558036,0.5659746
2203559056,0.42455214
2203501363,0.3909421
2203514401,0.47115847
2203538017,0.89884806
2203512264,0.6683751
2203558070,0.12537122
2203556593,0.268389
2203558453,0.19833434
2203524664,0.0054688454
2203553703,0.42455214
2203513675,0.47163317
2203558361,0.5651982
2203518713,0.3909421
2203499462,0.4476856
2203527020,0.38168585
2203558862,0.12069571
2203526972,0.256759
2203553252,0.084875375
2203550334,0.4813217
2203556190,0.4813217
2203488167,0.75930256
2203556138,0.2754234
2203486538,0.7677642
2203512610,0.64230156
2203556623,0.15923351
2203536295,0.3932235
2203557785,0.39788866
2203556156,0.33612597
2203555214,0.42455214
2203559454,0.7304115
2203505317,0.18817297
2203519516,0.21660641
2203488077,0.268389
2203523785,0.73249316
2203503194,0.45219746
2203501501,0.0058272183
2203519193,0.4971234
2203526345,0.79236436
2203553459,0.16129762
2203502797,0.86332005
2203531996,0.16129762
2203558878,0.64773977
2203512461,0.48793802
2203558746,0.664308
2203517279,0.29137897
2203555337,-0.020967245
2203487076,0.512334
2203553917,0.27443582
2203557879,0.41708302
2203541644,0.5176302
2203482014,0.46459755
2203512416,0.2642644
2203545276,0.493511
2203536641,0.30759996
2203524541,0.32734773
2203519877,0.012101054
2203556230,0.42455214
2203505330,0.32689828
2203533113,0.0078026652
2203498115,0.493511
2203502335,0.21660641
2203520608,0.29190814
2203532619,0.42455214
2203528580,0.048144072
2203537266,0.24393624
2203510982,0.033557117
2203513405,0.003987491
2203556266,0.493511
2203554793,0.8031676
2203480299,1.1272259
2203554129,0.43047938
2203540540,0.35651144
2203559216,0.65837896
2203514439,0.24824437
2203517733,0.44074908
2203508204,0.06303641
2203527865,0.04029444
2203522920,0.38766956
2203553465,1.3374949
2203558410,0.33983523
2203550303,0.61750066
2203539554,0.42455214
2203557730,0.58856833
2203528310,0.83264303
2203550907,0.41708302
2203533271,0.94166934
2203557999,0.310005
2203510770,0.029201776
2203485850,0.23752877
2203546471,0.21522295
2203471106,0.46459755
2203526430,0.33312136
2203501631,0.6354172
2203513711,0.1083222
2203505882,0.010768205
2203494607,0.2642644
2203528680,0.043302268
2203518122,0.33193684
2203542882,0.4813217
2203556420,0.05402842
2203557128,0.4813217
2203529837,0.41708302
2203527337,0.3734093
2203503338,0.012500435
2203554598,0.37152958
2203542339,0.268389
2203488249,0.363042
2203546693,0.478832
2203546159,0.41708302
2203533206,0.010628432
2203550230,0.13021234
2203538198,0.36200738
2203554979,0.4813217
2203553318,0.49905047
2203554668,0.46208385
2203553926,0.3909421
2203545211,0.33917648
2203548815,0.19833434
2203526569,0.41708302
2203547910,0.2642644
2203559060,0.21767098
2203502165,0.61750066
2203559103,0.39788866
2203545656,0.024580538
2203550447,0.3932235
2203523262,0.41101402
2203557325,0.2642644
2203556024,-0.10706854
2203559584,0.8253095
2203557564,0.0054688454
2203550014,0.2642644
2203544677,0.010519356
2203527303,0.032126337
2203541796,0.4476856
2203500924,0.99766755
2203555359,0.055380344
2203501134,0.1848968
2203554832,0.29137897
2203559133,0.4813217
2203556948,0.5272726
2203550191,0.664308
2203539070,0.014357299
2203476122,0.27863485
2203530675,0.0472759
2203543494,0.03707519
2203547002,0.35161653
2203548584,0.03707519
2203544758,0.94383705
2203542040,0.41708302
2203514788,0.027610093
2203555006,0.4375613
2203503039,0.3909421
2203515525,0.82837224
2203537029,0.2642644
2203546279,0.040014446
2203557249,0.86332005
2203529938,0.0031319857
2203532063,0.46701434
2203547654,0.12537122
2203532269,0.674657
2203553271,0.09944132
2203521054,0.4386057
2203505459,0.012440741
2203513798,0.068357855
2203545100,0.41676635
2203554270,0.6503583
2203547245,0.1083222
2203552147,0.4466932
2203515002,0.4118979
2203542131,0.009489238
2203517856,0.01236859
2203506156,0.3909421
2203505411,0.3932235
2203520441,0.025423318
2203555412,0.38168585
2203541186,0.39788866
2203525826,0.009687036
2203558084,0.7251426
2203536283,0.36707008
2203505155,0.363042
2203502944,0.39093125
2203557337,0.27443582
2203528264,0.03160557
2203557972,0.3909421
2203501725,0.33983523
2203552988,0.5311819
2203559205,0.4813217
2203530735,0.74337727
2203558388,0.4813217
2203489992,0.630155
2203481578,0.009589225
2203557233,0.268389
2203546574,0.268389
2203536590,0.46701434
2203513404,0.4813217
2203546276,0.4813217
2203554332,0.8779441
2203505500,0.06084138
2203535754,1.0428513
2203520644,0.2563011
2203537581,0.363042
2203554880,0.3909421
2203526075,0.42455214
2203553875,0.108739555
2203546493,0.43522757
2203539296,-0.052656233
2203514587,0.3749775
2203558062,0.013125181
2203538196,0.36200738
2203557928,0.3909421
2203501600,0.22072229
2203559012,0.19833434
2203538105,0.4813217
2203518528,0.45247993
2203548786,0.15444356
2203513019,0.12537122
2203558917,0.33983523
2203551515,0.86332005
2203557267,0.19833434
2203549122,0.021336615
2203552826,0.5786276
2203544526,0.15450493
2203552482,0.53912276
2203529527,0.04728377
2203555102,1.7825569
2203489391,0.21660641
2203547052,0.493511
2203521258,0.06002292
2203514453,0.363042
2203529525,0.3531819
2203555544,0.363042
2203532843,0.999258
2203502299,0.011363536
2203547193,0.42455214
2203522860,0.268389
2203520576,0.42455214
2203529206,0.42455214
2203545270,1.0428513
2203497318,0.08950648
2203515006,1.0680003
2203549717,0.268389
2203551551,0.5457814
2203549647,0.2939724
2203555943,0.41708302
2203515554,0.30759996
2203501249,0.035878748
2203553342,0.4813217
2203558223,0.3832426
2203530592,0.2642644
2203548245,0.3909421
2203543484,0.4813217
2203555623,0.45710978
2203538647,0.26430014
2203542935,0.2910316
2203552921,0.21660641
2203538197,0.36200738
2203544067,0.64773977
2203557301,0.8066271
2203506336,0.5786276
2203533810,0.86332005
